File.Name	Precursors.Identified	Proteins.Identified	Total.Quantity	MS1.Signal	MS2.Signal	FWHM.Scans	FWHM.RT	Median.Mass.Acc.MS1	Median.Mass.Acc.MS1.Corrected	Median.Mass.Acc.MS2	Median.Mass.Acc.MS2.Corrected	MS2.Mass.Instability	Normalisation.Instability	Median.RT.Prediction.Acc	Average.Peptide.Length	Average.Peptide.Charge	Average.Missed.Tryptic.Cleavages
Z:\TimsTOF_raw_data\Hela_QC_5ng_MTC_S1-B2_1_12131.d	30400	4603	3.4352e+08	23898964924	210525343074	2.589	0.042	33.6719	2.7908	38.5929	2.71234	0	0.0267766	0.0063373	11.356	2.156	0.216
Z:\TimsTOF_raw_data\Hela_QC_5ng_MTC_S1-B1_1_12130.d	29738	4531	3.50586e+08	24239733840	209321261841	2.644	0.043	34.704	2.8007	39.4479	2.67557	0	0.030603	0.00819652	11.337	2.156	0.216
Z:\TimsTOF_raw_data\Hela_QC_02ng_MTC_S1-A2_1_12129.d	4831	1454	1.17987e+07	20300867817	125830015797	2.195	0.035	33.6319	3.75159	40.1555	3.49342	0	0.105031	0.00775862	10.27	2.068	0.167
Z:\TimsTOF_raw_data\Hela_QC_02ng_MTC_S1-A1_1_12128.d	4904	1324	1.24231e+07	21018838561	131080671780	2.273	0.037	38.7421	3.11659	40.4841	3.51328	0	0.13841	0.009064	10.376	2.074	0.171
